Age,Department,JobRole,MonthlyIncome,YearsAtCompany,OverTime,DistanceFromHome,JobSatisfaction,EnvironmentSatisfaction,WorkLifeBalance,TrainingTimesLastYear,PerformanceRating
35,IT,Software Engineer,54185,4,Yes,24,4,4,3,5,4
41,R&D,Lab Technician,50333,2,No,15,3,2,2,3,2
23,HR,HR Manager,51426,3,Yes,20,2,4,1,1,1
28,IT,Software Engineer,53132,3,Yes,18,2,2,4,5,1
30,IT,IT Support,34863,5,No,25,2,4,3,4,2
49,IT,IT Support,58731,5,No,10,3,3,3,0,3
48,R&D,Research Scientist,67695,4,No,3,4,1,2,2,2
25,HR,HR Executive,28718,5,Yes,7,4,1,4,5,4
56,HR,HR Executive,27763,6,No,26,4,3,2,5,4
59,IT,Software Engineer,29759,3,No,5,2,1,4,2,2
44,HR,HR Manager,33912,8,No,28,1,2,3,0,1
53,Finance,Accountant,30171,6,No,6,2,2,4,4,3
36,HR,HR Executive,75599,3,No,20,3,4,2,2,3
53,IT,Software Engineer,24342,8,No,5,1,4,4,5,4
29,HR,HR Executive,35219,9,No,9,2,4,2,2,2
53,Sales,Sales Manager,59513,5,Yes,6,2,2,3,5,4
28,Finance,Financial Analyst,50629,7,No,14,1,1,4,3,2
57,HR,HR Manager,60651,9,Yes,15,2,2,3,5,3
47,R&D,Research Scientist,39995,5,Yes,7,2,1,1,4,1
40,IT,Software Engineer,42719,6,No,22,1,2,2,6,2
26,R&D,Lab Technician,44128,6,No,20,2,4,3,2,3
50,Finance,Accountant,39009,3,No,21,2,1,3,6,2
21,R&D,Lab Technician,52757,1,No,29,1,3,3,6,3
46,HR,HR Manager,46439,2,No,1,2,2,2,4,4
30,Finance,Financial Analyst,50027,3,Yes,24,4,4,1,4,3
48,R&D,Research Scientist,54214,10,No,26,1,2,2,4,1
27,R&D,Research Scientist,61209,7,No,7,1,4,3,3,3
33,Finance,Accountant,55880,6,No,15,3,4,4,3,4
55,Finance,Financial Analyst,54867,5,Yes,10,3,2,2,6,4
58,IT,Software Engineer,58386,2,Yes,8,1,4,1,4,2
42,Finance,Financial Analyst,45465,8,No,8,4,1,2,1,3
21,Sales,Sales Executive,15000,1,No,29,2,3,4,4,4
41,Finance,Accountant,68006,7,No,10,4,4,3,0,4
48,IT,IT Support,38026,4,No,17,4,1,4,2,2
40,Sales,Sales Executive,48158,3,No,24,1,2,3,0,1
25,R&D,Research Scientist,24302,4,No,1,2,2,3,2,3
21,Sales,Sales Executive,55136,1,No,5,1,1,2,2,2
30,Finance,Accountant,36918,3,No,8,1,3,1,1,1
54,R&D,Lab Technician,15000,7,No,19,1,3,1,5,2
58,IT,IT Support,46051,6,No,4,2,2,3,0,2
37,Sales,Sales Manager,55498,6,No,3,4,3,4,0,3
39,Finance,Accountant,75243,3,No,14,4,2,2,5,4
29,Finance,Financial Analyst,52671,4,Yes,28,3,3,3,5,3
46,R&D,Research Scientist,50429,2,No,6,3,3,4,4,4
45,HR,HR Executive,26592,4,No,3,1,1,4,0,1
56,Finance,Accountant,70935,5,No,5,2,1,3,2,1
42,Sales,Sales Executive,61962,4,Yes,24,3,2,2,5,2
22,HR,HR Manager,54196,2,No,14,1,4,4,6,2
31,Finance,Accountant,41261,7,No,11,3,3,1,0,2
51,HR,HR Manager,57320,7,No,14,4,4,1,2,4
57,HR,HR Executive,21938,8,No,17,3,1,3,6,4
59,R&D,Lab Technician,57640,4,No,29,4,2,2,6,4
57,Sales,Sales Executive,51305,5,Yes,24,3,3,4,4,3
25,Finance,Accountant,69956,3,No,11,2,2,3,2,3
58,R&D,Lab Technician,45967,5,No,4,4,4,4,2,4
57,IT,Software Engineer,88080,8,No,10,1,4,3,0,2
46,Sales,Sales Executive,27458,6,Yes,25,4,3,3,2,3
44,IT,IT Support,56680,4,No,28,1,3,1,3,1
27,Finance,Accountant,48277,3,No,16,1,4,1,4,2
21,HR,HR Manager,54347,1,Yes,14,3,2,3,1,1
43,IT,Software Engineer,24372,7,No,15,1,4,3,2,3
52,R&D,Research Scientist,70447,8,No,29,1,4,3,4,3
21,R&D,Lab Technician,30793,1,No,3,2,4,1,1,3
44,R&D,Lab Technician,84177,4,No,7,1,1,4,1,1
24,HR,HR Manager,48965,4,Yes,21,4,3,3,4,2
26,Sales,Sales Executive,55573,6,No,26,1,1,3,4,1
31,Finance,Financial Analyst,41365,8,Yes,9,2,2,3,4,3
29,R&D,Research Scientist,57496,5,Yes,12,4,3,3,5,4
37,Finance,Accountant,27101,10,No,10,2,4,1,4,3
46,Sales,Sales Executive,49406,4,No,27,2,2,4,6,4
51,Sales,Sales Manager,52631,7,No,16,2,1,1,4,2
22,R&D,Lab Technician,51234,2,Yes,14,4,4,4,2,4
49,Finance,Accountant,37909,3,No,17,3,3,3,3,3
50,Finance,Accountant,46323,5,No,29,4,1,4,2,3
26,HR,HR Manager,48076,6,No,6,1,1,1,1,1
43,Finance,Accountant,41716,7,Yes,4,4,2,1,6,4
31,Finance,Accountant,47345,8,No,26,3,2,2,2,2
33,Finance,Accountant,56141,8,No,27,4,4,3,3,4
45,Sales,Sales Executive,41871,6,No,14,3,1,3,1,3
59,Finance,Accountant,35132,2,No,6,2,3,4,4,4
52,R&D,Research Scientist,57356,5,No,26,1,4,2,5,2
34,HR,HR Manager,73482,5,Yes,2,2,1,3,1,1
55,IT,Software Engineer,66827,5,No,24,3,4,3,0,3
36,Finance,Financial Analyst,56041,8,No,8,2,4,3,3,4
49,Sales,Sales Executive,52947,6,Yes,7,2,1,3,0,1
56,IT,IT Support,28198,4,Yes,18,4,2,1,0,2
51,R&D,Lab Technician,45149,8,No,10,2,4,2,3,3
53,R&D,Lab Technician,47314,3,Yes,26,2,2,2,6,1
31,R&D,Lab Technician,68977,7,Yes,20,3,4,3,6,4
42,IT,IT Support,40228,5,No,14,1,4,3,1,2
49,Finance,Accountant,42466,9,No,17,3,2,3,0,2
44,Finance,Financial Analyst,53366,4,No,4,4,2,2,4,4
26,R&D,Lab Technician,42855,6,Yes,14,2,2,3,1,2
58,Finance,Financial Analyst,44563,6,No,5,1,3,4,1,2
32,Sales,Sales Manager,51152,4,Yes,5,2,4,4,5,3
21,HR,HR Manager,60608,1,No,12,4,3,4,6,4
34,Finance,Accountant,48036,3,Yes,19,1,2,3,4,1
40,IT,IT Support,52090,2,Yes,11,1,2,3,6,2
40,IT,IT Support,50957,2,Yes,8,4,1,2,4,3
42,Finance,Financial Analyst,60027,4,Yes,8,3,1,4,0,1
21,IT,Software Engineer,65077,1,Yes,11,1,4,1,4,1
58,R&D,Research Scientist,47403,7,No,15,3,1,1,3,2
49,HR,HR Manager,74630,4,No,21,2,2,2,5,3
48,R&D,Lab Technician,71680,2,No,23,4,2,4,6,4
41,R&D,Lab Technician,61383,1,No,4,1,1,4,2,2
39,Finance,Accountant,64563,3,No,18,3,2,4,1,2
24,Sales,Sales Executive,64234,4,No,22,1,3,2,3,1
33,Sales,Sales Manager,31342,6,No,4,1,4,4,1,2
38,R&D,Research Scientist,48796,4,Yes,15,1,3,1,5,2
52,IT,Software Engineer,43477,3,No,22,3,1,1,1,1
31,Sales,Sales Executive,44313,4,No,9,4,4,1,0,2
26,Sales,Sales Executive,40672,3,No,3,1,2,4,5,4
23,IT,Software Engineer,20733,2,No,13,2,1,4,1,1
36,Sales,Sales Executive,15000,3,Yes,5,3,4,4,2,3
50,IT,Software Engineer,57556,4,Yes,23,2,2,1,5,2
41,Finance,Accountant,55479,7,Yes,15,4,1,1,3,3
38,R&D,Lab Technician,41806,5,No,18,3,2,2,2,3
30,IT,IT Support,15000,7,Yes,21,1,2,1,4,1
35,IT,Software Engineer,31854,7,No,19,2,1,2,3,2
30,HR,HR Manager,39363,5,No,4,3,3,4,3,4
59,Sales,Sales Executive,30907,6,No,5,3,1,4,5,4
22,Finance,Accountant,27008,2,No,18,2,1,2,4,2
56,Finance,Accountant,60985,5,No,6,3,2,1,4,2
33,Finance,Accountant,54877,5,No,23,4,2,4,4,4
28,HR,HR Manager,61895,6,Yes,5,3,4,4,2,4
51,Finance,Accountant,54238,5,Yes,16,4,4,4,1,3
28,Sales,Sales Executive,69922,4,No,18,1,2,1,1,1
32,Finance,Accountant,37564,6,No,25,4,2,3,5,4
40,IT,IT Support,54561,4,No,21,1,1,4,0,1
28,Finance,Accountant,66871,3,Yes,18,1,2,2,3,1
35,Finance,Financial Analyst,35393,3,No,22,1,3,1,0,1
59,Finance,Accountant,53675,8,No,14,2,3,3,0,2
22,HR,HR Executive,38226,2,No,16,2,3,1,0,1
24,HR,HR Executive,44090,4,No,4,1,1,4,0,1
57,HR,HR Manager,66738,8,No,19,2,4,1,6,3
50,Finance,Accountant,72701,3,Yes,1,3,1,1,3,2
47,IT,IT Support,60769,8,No,13,2,3,1,5,4
55,Finance,Financial Analyst,53085,7,No,4,2,2,3,0,2
51,Sales,Sales Manager,63294,2,No,25,2,1,4,5,2
56,IT,Software Engineer,15000,1,Yes,24,3,3,2,6,3
35,IT,IT Support,30954,9,No,9,1,1,4,3,2
24,R&D,Research Scientist,65181,4,No,6,3,2,2,0,1
30,R&D,Research Scientist,50311,7,No,19,4,3,3,1,3
52,Sales,Sales Manager,54846,4,Yes,29,2,1,4,3,1
46,R&D,Lab Technician,68968,4,No,18,3,3,4,6,4
31,HR,HR Executive,51017,7,No,2,2,3,4,3,4
23,HR,HR Executive,70341,3,No,6,4,2,3,4,4
29,HR,HR Manager,67810,9,Yes,5,1,3,4,1,4
49,Finance,Accountant,61051,7,Yes,21,4,4,4,5,4
53,R&D,Lab Technician,61453,3,No,12,4,3,4,5,4
53,HR,HR Executive,54249,4,Yes,3,4,4,1,6,4
58,R&D,Research Scientist,47018,4,No,18,1,3,3,3,2
47,Sales,Sales Manager,53794,5,Yes,8,2,4,3,3,3
43,R&D,Lab Technician,38352,10,No,8,4,1,2,4,4
53,Sales,Sales Manager,56424,5,No,23,2,4,2,0,2
50,Finance,Accountant,75827,6,No,17,1,2,1,0,1
43,Sales,Sales Manager,68327,7,No,28,1,4,3,3,4
32,IT,IT Support,38862,7,No,19,4,4,2,1,3
49,R&D,Research Scientist,54468,8,No,17,1,4,2,6,4
29,R&D,Research Scientist,45596,6,Yes,1,3,4,1,6,4
32,IT,Software Engineer,62160,9,No,2,1,4,3,3,4
56,Sales,Sales Executive,46627,4,No,10,3,2,2,6,3
33,HR,HR Executive,53100,1,No,21,4,2,3,3,4
23,Finance,Accountant,24543,2,No,5,1,1,3,4,1
51,Sales,Sales Executive,51215,5,No,2,2,4,2,5,3
48,HR,HR Executive,45913,4,No,28,4,1,1,6,3
21,IT,Software Engineer,69654,1,No,11,3,1,3,6,4
25,Sales,Sales Manager,50419,5,Yes,22,1,3,4,1,1
26,HR,HR Manager,53593,6,Yes,27,4,3,1,0,2
52,IT,Software Engineer,46712,5,Yes,17,2,1,2,4,2
31,IT,Software Engineer,15000,5,No,22,1,1,3,3,1
57,R&D,Research Scientist,24671,6,Yes,11,3,3,4,5,4
37,IT,Software Engineer,53258,5,No,6,2,3,3,6,4
44,Sales,Sales Manager,48400,9,Yes,17,3,1,1,3,2
28,Sales,Sales Manager,79355,6,No,21,3,4,3,5,4
44,IT,IT Support,68138,6,No,5,3,4,1,4,3
21,Sales,Sales Executive,25396,1,No,14,2,4,3,2,2
52,Finance,Financial Analyst,71825,4,Yes,26,4,1,2,3,2
59,IT,IT Support,50893,3,No,21,3,1,1,0,1
39,Finance,Financial Analyst,53144,6,Yes,21,2,4,2,3,2
43,IT,Software Engineer,36945,6,Yes,22,1,2,2,4,1
44,Sales,Sales Executive,62376,1,No,11,1,3,4,2,2
54,Sales,Sales Executive,49016,7,No,23,1,2,4,2,3
33,Finance,Financial Analyst,55965,2,No,12,1,1,1,3,1
57,R&D,Research Scientist,45704,5,No,16,1,1,1,3,1
31,Sales,Sales Manager,52074,5,No,28,2,3,2,0,1
30,HR,HR Executive,37113,6,Yes,11,4,1,2,3,3
46,IT,IT Support,60092,7,No,21,2,1,1,5,2
27,Sales,Sales Executive,64830,2,No,11,3,4,4,6,4
45,Sales,Sales Executive,52252,4,No,26,1,4,3,3,3
29,R&D,Lab Technician,61525,6,No,13,1,3,2,0,2
28,HR,HR Executive,64810,6,No,18,1,1,2,1,1
31,IT,IT Support,39515,2,Yes,6,2,2,1,5,2
30,R&D,Lab Technician,50152,7,No,16,3,4,4,3,4
46,HR,HR Manager,58027,5,No,21,1,4,2,0,1
28,R&D,Lab Technician,53482,5,No,5,2,2,1,5,2
48,IT,Software Engineer,47692,6,No,13,1,2,1,2,1
47,IT,Software Engineer,24429,5,Yes,20,1,1,2,4,1
24,HR,HR Manager,33718,4,No,21,4,3,1,2,3
39,IT,IT Support,40155,8,Yes,14,4,1,3,6,3
35,HR,HR Manager,63491,4,Yes,25,4,1,2,3,2
43,Finance,Accountant,70502,5,No,29,4,4,3,6,4
42,HR,HR Manager,62953,8,No,15,2,2,1,5,3
36,IT,Software Engineer,37543,5,Yes,10,3,2,2,0,1
24,Sales,Sales Executive,49270,4,No,27,2,2,4,6,4
43,Sales,Sales Executive,59627,3,No,12,1,4,3,0,1
21,Finance,Financial Analyst,44012,1,No,29,2,3,2,0,1
49,IT,IT Support,53654,7,No,25,4,4,4,2,4
43,IT,IT Support,50405,4,Yes,12,4,2,4,3,4
25,Finance,Financial Analyst,39445,5,No,27,4,2,1,2,3
33,IT,Software Engineer,56073,10,Yes,9,2,1,2,1,1
40,R&D,Lab Technician,23788,4,No,26,4,3,4,1,3
58,HR,HR Executive,80687,4,Yes,10,2,1,3,5,3
26,Sales,Sales Manager,58272,5,No,25,3,1,4,5,4
24,IT,Software Engineer,75494,4,No,25,2,4,3,3,3
29,IT,Software Engineer,65892,6,Yes,1,3,1,4,3,3
54,Finance,Financial Analyst,57495,5,No,3,3,2,3,4,4
47,Sales,Sales Executive,38210,5,Yes,27,2,1,1,0,1
58,R&D,Research Scientist,42814,5,No,7,1,1,1,3,1
44,HR,HR Manager,45815,5,No,18,1,3,1,1,1
40,HR,HR Executive,48438,2,No,26,2,4,3,0,2
52,Sales,Sales Executive,42879,6,No,17,1,4,2,4,3
42,HR,HR Manager,59293,6,No,22,1,2,2,3,1
37,Sales,Sales Manager,39959,6,No,19,3,2,3,6,3
28,IT,IT Support,83544,8,Yes,17,1,1,4,6,3
59,Finance,Financial Analyst,15000,5,No,27,1,1,2,0,1
49,HR,HR Executive,54209,3,No,9,1,3,1,0,1
27,IT,Software Engineer,68561,5,Yes,22,3,2,4,1,2
56,IT,Software Engineer,38737,8,No,4,2,3,4,2,4
31,IT,IT Support,59772,2,No,2,1,1,1,3,1
28,Sales,Sales Manager,60029,6,Yes,28,3,2,3,3,2
37,Finance,Accountant,74608,7,Yes,13,4,3,4,2,3
50,R&D,Lab Technician,36383,3,No,17,2,4,3,1,3
23,Sales,Sales Executive,27111,3,No,23,3,3,1,6,3
57,IT,IT Support,64030,4,Yes,18,3,4,1,3,2
49,Sales,Sales Manager,86741,10,Yes,20,4,3,1,4,2
31,HR,HR Executive,34523,1,Yes,3,3,4,3,2,4
30,Finance,Financial Analyst,74773,5,No,23,3,4,4,2,4
25,Finance,Financial Analyst,67842,5,No,12,2,1,4,6,4
45,Sales,Sales Executive,44034,5,No,18,3,4,1,4,4
53,R&D,Lab Technician,25179,8,No,12,4,4,2,1,4
40,HR,HR Manager,63973,2,No,16,4,1,2,5,3
47,HR,HR Executive,53797,4,No,14,3,4,1,6,4
32,IT,Software Engineer,40105,5,No,20,4,3,2,5,4
23,Finance,Accountant,43829,3,Yes,28,4,2,4,4,3
56,IT,Software Engineer,63217,4,Yes,23,3,3,4,6,4
52,IT,IT Support,47588,4,No,10,3,1,3,1,3
42,R&D,Research Scientist,75540,11,No,28,3,3,4,3,4
38,Sales,Sales Executive,51414,7,Yes,7,2,4,3,5,4
52,Sales,Sales Executive,49541,3,No,6,2,4,2,5,4
34,Sales,Sales Manager,52031,8,Yes,13,4,1,3,6,3
40,R&D,Lab Technician,35003,4,Yes,8,3,3,1,6,2
33,R&D,Research Scientist,42106,5,No,21,2,4,2,4,4
39,Sales,Sales Manager,18738,5,No,11,2,2,3,0,3
35,Sales,Sales Manager,51486,7,Yes,29,3,1,1,0,1
43,Finance,Accountant,40771,5,No,8,4,3,1,4,3
37,IT,Software Engineer,46221,6,No,9,1,4,4,1,3
39,IT,IT Support,37697,3,No,24,4,4,1,6,3
58,R&D,Lab Technician,54860,1,No,2,4,3,3,5,4
29,R&D,Lab Technician,59531,7,No,18,2,4,3,1,2
24,IT,Software Engineer,37458,4,Yes,29,1,1,4,5,1
35,IT,IT Support,50646,6,No,23,1,4,4,2,3
30,HR,HR Manager,57000,1,Yes,5,1,4,2,4,2
58,HR,HR Executive,51080,3,No,13,4,3,4,3,4
48,Finance,Financial Analyst,51942,5,No,1,3,1,2,4,3
41,R&D,Lab Technician,51210,4,No,14,1,1,1,5,1
34,HR,HR Manager,52856,7,No,26,1,4,2,1,2
38,HR,HR Manager,51143,6,No,26,3,4,3,3,4
44,IT,IT Support,33960,3,Yes,15,2,3,4,5,2
36,IT,IT Support,52296,3,No,9,2,3,4,6,4
28,Finance,Accountant,42470,3,No,29,2,3,2,1,1
43,IT,IT Support,20733,8,No,10,4,3,2,2,4
52,HR,HR Executive,74742,9,No,9,1,3,2,0,2
25,R&D,Research Scientist,72441,4,No,23,2,3,2,0,1
34,Sales,Sales Executive,59543,2,Yes,2,2,4,1,6,2
38,Sales,Sales Manager,21359,1,No,25,1,4,3,1,2
32,HR,HR Executive,50866,2,Yes,23,3,2,3,6,3
33,IT,IT Support,20218,6,Yes,14,4,2,1,5,2
57,Finance,Accountant,57913,5,Yes,4,1,2,4,0,1
56,R&D,Research Scientist,38947,6,Yes,15,3,3,3,5,3
29,Sales,Sales Manager,57017,2,Yes,2,2,1,2,3,2
51,R&D,Research Scientist,60690,10,Yes,11,4,4,4,5,4
41,Sales,Sales Executive,35715,3,No,4,2,4,3,1,2
31,HR,HR Manager,38970,10,No,9,4,2,2,0,3
57,R&D,Research Scientist,26085,4,Yes,25,1,2,4,1,2
22,IT,Software Engineer,52770,2,Yes,14,1,1,3,4,1
34,R&D,Lab Technician,26918,11,No,21,1,4,3,2,3
59,HR,HR Manager,59981,2,Yes,9,3,2,2,6,4
25,IT,IT Support,30537,4,No,13,2,3,2,6,3
25,IT,Software Engineer,29166,4,Yes,11,3,3,1,3,2
46,HR,HR Executive,48183,4,No,1,4,3,2,4,3
25,IT,Software Engineer,43106,5,Yes,8,1,4,1,5,1
46,R&D,Lab Technician,48886,7,No,6,3,2,2,1,2
48,IT,IT Support,57541,7,No,21,3,4,3,4,4
45,Sales,Sales Executive,40186,8,No,22,3,1,3,0,2
56,HR,HR Executive,54621,2,No,22,2,4,2,2,2
43,R&D,Lab Technician,52726,4,No,1,2,4,2,2,2
54,Finance,Accountant,48180,3,Yes,4,1,2,3,4,1
47,IT,Software Engineer,70610,5,No,7,3,1,4,5,3
50,IT,IT Support,32484,5,Yes,6,2,4,3,1,3
38,HR,HR Executive,41151,6,No,7,2,1,1,6,3
38,IT,IT Support,56387,5,No,24,2,2,4,0,2
26,R&D,Lab Technician,58435,2,Yes,17,3,1,4,3,2
42,R&D,Research Scientist,41112,4,Yes,10,1,4,3,6,3
55,Finance,Financial Analyst,66331,3,Yes,3,4,1,3,3,3
29,Finance,Financial Analyst,81555,3,No,8,1,4,2,2,2
32,Sales,Sales Executive,66584,5,No,14,1,4,2,5,3
48,R&D,Research Scientist,34841,4,No,6,2,4,4,2,3
25,Finance,Financial Analyst,62232,4,No,23,3,3,1,1,1
59,HR,HR Executive,41038,5,No,1,3,3,4,3,4
57,IT,Software Engineer,35515,5,No,22,2,1,4,3,3
41,R&D,Lab Technician,72461,6,Yes,27,1,1,1,0,1
44,IT,IT Support,54962,2,No,25,2,3,3,0,2
33,Finance,Accountant,41669,4,Yes,6,1,2,2,2,1
34,Finance,Financial Analyst,36658,3,Yes,13,3,1,2,0,1
54,IT,IT Support,40559,8,No,21,2,2,1,4,1
59,Sales,Sales Manager,68476,4,No,26,4,4,3,0,2
35,Sales,Sales Manager,55042,9,No,10,1,1,3,2,1
33,IT,IT Support,50510,6,No,5,3,3,1,5,4
40,Sales,Sales Executive,20326,5,No,5,2,3,3,5,4
39,HR,HR Manager,47147,8,Yes,19,1,4,1,6,2
36,R&D,Lab Technician,83310,10,No,28,2,3,3,2,3
34,HR,HR Manager,64210,3,No,8,3,4,1,4,3
23,IT,Software Engineer,67875,2,No,10,4,1,3,0,2
56,Sales,Sales Manager,38285,11,No,15,2,3,2,5,3
56,HR,HR Executive,52832,6,No,29,1,3,2,1,1
58,Finance,Financial Analyst,51333,3,No,3,4,1,1,4,3
37,R&D,Lab Technician,62879,4,Yes,8,1,1,4,2,1
22,Finance,Accountant,39279,0,No,7,2,1,3,5,3
44,Sales,Sales Executive,62988,2,Yes,6,2,2,1,6,2
44,R&D,Research Scientist,78566,3,No,22,2,3,1,6,2
24,R&D,Lab Technician,35369,4,No,24,3,3,3,3,4
47,IT,IT Support,34043,0,Yes,22,4,3,4,6,4
55,Sales,Sales Executive,63634,10,No,19,4,1,2,2,3
55,IT,IT Support,48614,3,No,22,1,4,1,3,1
48,R&D,Lab Technician,63991,8,No,18,3,1,4,2,2
32,Sales,Sales Executive,31032,5,Yes,15,3,4,3,1,1
53,HR,HR Manager,44001,2,No,29,3,2,2,6,3
23,HR,HR Executive,31259,3,No,26,4,2,2,6,3
37,IT,Software Engineer,16975,9,No,15,3,1,4,1,1
46,IT,IT Support,39140,3,Yes,5,4,1,2,0,1
44,R&D,Lab Technician,52098,6,No,20,1,1,1,1,1
37,Finance,Accountant,46395,7,Yes,26,1,1,3,2,1
48,R&D,Lab Technician,66831,6,No,20,1,4,3,1,1
27,Finance,Accountant,44457,3,No,7,2,4,4,1,3
27,IT,IT Support,48688,6,No,1,2,1,1,3,2
46,R&D,Lab Technician,29255,3,No,20,1,3,2,3,1
32,HR,HR Executive,26515,7,No,27,4,1,3,2,3
27,HR,HR Executive,32486,5,No,25,1,3,2,4,2
55,R&D,Lab Technician,69714,4,No,19,1,1,1,2,1
24,IT,Software Engineer,55484,4,No,25,2,3,4,4,3
22,IT,Software Engineer,48096,2,No,22,2,1,4,5,2
50,IT,IT Support,18832,5,Yes,19,3,2,2,1,1
28,HR,HR Manager,60522,4,Yes,27,4,2,4,3,4
52,Sales,Sales Manager,46623,9,No,22,4,2,3,2,3
30,Finance,Accountant,40275,9,No,21,4,1,1,3,2
25,R&D,Research Scientist,51247,2,Yes,11,2,4,2,6,2
33,IT,IT Support,66000,2,No,28,4,1,4,6,4
25,Finance,Financial Analyst,35519,5,Yes,21,3,2,3,6,4
31,Sales,Sales Manager,47945,7,Yes,25,3,4,4,6,4
57,IT,IT Support,75566,2,Yes,14,4,2,4,2,2
34,Finance,Financial Analyst,60048,3,No,6,3,3,2,2,3
39,Finance,Financial Analyst,34912,4,No,29,2,1,4,4,1
55,R&D,Research Scientist,37888,5,Yes,10,4,1,4,3,3
47,R&D,Research Scientist,66567,3,No,7,4,3,1,2,2
44,R&D,Research Scientist,48399,5,No,15,2,3,4,0,3
50,IT,IT Support,17019,6,Yes,22,3,1,4,6,4
43,IT,Software Engineer,44105,6,Yes,25,4,4,3,4,4
54,Finance,Accountant,20297,1,No,6,3,3,1,1,1
41,IT,IT Support,42818,3,No,11,3,3,4,4,4
53,HR,HR Manager,50940,6,No,24,3,2,1,3,2
58,IT,IT Support,39862,4,No,3,1,1,1,2,1
58,HR,HR Executive,77352,1,No,23,2,1,3,4,2
22,Sales,Sales Executive,78925,2,No,21,3,2,1,4,2
37,HR,HR Executive,42236,2,No,12,1,2,2,1,1
44,Sales,Sales Manager,52660,3,No,1,3,1,3,4,2
21,Sales,Sales Executive,50815,1,No,27,4,3,2,2,2
38,Sales,Sales Executive,64964,5,No,18,2,1,4,6,3
24,IT,IT Support,41375,4,Yes,24,1,1,2,6,1
51,Sales,Sales Executive,81397,5,No,9,2,3,1,3,1
59,HR,HR Manager,47914,4,No,19,3,3,3,5,4
49,Finance,Accountant,38820,4,Yes,13,1,3,4,1,1
58,Finance,Accountant,50665,5,No,13,4,3,1,3,2
55,Sales,Sales Manager,53909,7,No,7,4,1,4,4,4
32,Sales,Sales Executive,51957,5,No,10,2,4,3,4,3
28,R&D,Research Scientist,43253,2,Yes,17,4,1,1,3,1
43,HR,HR Manager,65526,4,Yes,18,1,3,1,3,1
38,Finance,Financial Analyst,33618,3,Yes,16,4,2,4,1,3
48,HR,HR Manager,61566,5,Yes,7,2,2,2,4,3
58,Finance,Financial Analyst,29396,8,No,1,4,2,4,4,4
47,R&D,Research Scientist,54088,3,Yes,28,3,3,1,6,2
58,Sales,Sales Executive,68053,3,No,29,1,3,2,1,1
32,R&D,Lab Technician,69307,10,Yes,15,4,3,1,4,2
36,Finance,Accountant,67601,4,No,6,3,1,4,0,2
41,HR,HR Manager,36826,4,No,4,2,4,2,4,3
57,Finance,Accountant,51436,3,No,25,2,3,1,0,1
33,HR,HR Manager,34139,4,No,2,4,1,1,2,3
47,Sales,Sales Executive,69424,5,No,22,2,1,2,6,3
44,IT,Software Engineer,32082,4,Yes,12,2,1,3,2,1
21,R&D,Research Scientist,59973,1,Yes,25,3,2,2,6,2
35,HR,HR Executive,25020,4,Yes,15,1,2,2,0,1
27,Sales,Sales Executive,62517,5,No,19,4,2,2,2,2
57,HR,HR Executive,57446,4,No,7,1,1,4,3,3
37,R&D,Research Scientist,47271,10,No,4,3,4,3,4,4
34,Finance,Financial Analyst,48088,8,Yes,25,1,3,1,4,1
35,R&D,Research Scientist,33947,4,Yes,18,2,2,2,5,3
45,IT,IT Support,51466,4,No,9,1,2,2,4,2
23,Sales,Sales Manager,32345,3,Yes,23,1,1,3,3,2
51,R&D,Research Scientist,40796,8,Yes,3,2,2,2,6,3
44,Sales,Sales Manager,44822,8,Yes,8,2,2,3,6,4
29,Sales,Sales Executive,54939,4,No,18,4,2,2,2,3
53,Finance,Financial Analyst,66441,6,No,28,2,1,1,5,2
53,HR,HR Executive,62209,6,Yes,18,2,3,2,5,2
48,Sales,Sales Manager,50683,4,No,16,3,3,2,5,4
33,R&D,Research Scientist,67518,3,No,6,2,3,3,1,2
26,R&D,Lab Technician,57023,6,No,13,4,1,3,4,4
36,R&D,Research Scientist,28345,6,Yes,19,3,2,4,1,2
51,R&D,Lab Technician,27559,5,Yes,1,1,1,2,6,2
26,HR,HR Manager,68149,2,No,12,2,2,4,2,3
41,Finance,Financial Analyst,78096,3,No,11,1,3,3,3,3
47,Sales,Sales Manager,48786,4,Yes,25,2,4,4,1,1
23,R&D,Lab Technician,52900,3,Yes,28,1,1,1,6,1
25,IT,Software Engineer,66559,5,No,24,3,4,1,5,3
43,IT,Software Engineer,30950,4,Yes,7,1,4,2,1,1
36,R&D,Research Scientist,48289,5,No,20,3,2,1,1,1
59,HR,HR Executive,82073,3,No,27,4,2,1,5,4
57,HR,HR Manager,28511,6,No,8,3,2,4,2,3
41,IT,Software Engineer,71409,6,No,13,1,2,3,0,1
34,Finance,Accountant,52156,5,Yes,13,4,3,4,1,2
52,HR,HR Executive,49798,1,No,22,3,3,4,3,4
55,Finance,Accountant,54273,7,Yes,15,3,4,2,3,3
58,IT,IT Support,50708,6,No,11,2,3,2,2,1
23,IT,IT Support,63061,1,No,20,3,4,4,5,4
33,R&D,Research Scientist,78966,3,Yes,17,2,3,1,2,1
42,R&D,Lab Technician,68264,2,Yes,14,1,4,1,6,1
26,Sales,Sales Manager,64906,2,Yes,22,2,2,4,6,4
32,Sales,Sales Manager,53412,3,No,27,3,2,4,4,4
44,R&D,Lab Technician,90391,6,No,8,2,4,1,4,3
34,IT,Software Engineer,15000,3,Yes,10,1,2,3,3,2
31,IT,Software Engineer,50033,4,Yes,10,3,1,2,0,2
45,IT,IT Support,66448,3,No,14,3,1,4,4,2
50,R&D,Research Scientist,44219,4,No,9,4,3,1,2,3
53,R&D,Research Scientist,34907,9,No,25,4,2,1,0,1
43,R&D,Research Scientist,35908,6,No,17,3,2,4,6,4
48,Finance,Financial Analyst,54301,6,No,5,1,2,1,4,1
33,HR,HR Executive,48277,3,Yes,25,4,3,2,0,2
46,IT,Software Engineer,55238,2,No,6,4,3,4,2,4
36,IT,IT Support,56228,6,No,9,2,2,4,1,2
56,Finance,Financial Analyst,53076,8,Yes,13,3,3,4,5,4
51,Finance,Financial Analyst,58000,2,No,6,3,4,3,6,4
59,HR,HR Manager,62420,3,No,16,2,4,4,5,4
49,IT,IT Support,24922,4,No,12,4,3,2,6,4
29,Sales,Sales Executive,64001,7,No,8,1,1,2,4,1
42,R&D,Lab Technician,33298,4,No,14,2,2,3,4,4
34,HR,HR Manager,22688,5,Yes,29,2,3,4,6,3
40,HR,HR Manager,38497,6,No,10,3,3,1,3,3
54,HR,HR Executive,49136,9,Yes,13,3,2,3,0,1
56,Sales,Sales Executive,51354,8,No,23,4,3,4,3,4
59,R&D,Research Scientist,70225,2,Yes,7,3,4,3,0,3
22,HR,HR Executive,44908,2,Yes,6,2,3,3,0,1
59,Finance,Financial Analyst,62877,9,No,20,1,3,1,4,2
34,R&D,Research Scientist,59431,2,Yes,23,1,2,2,4,1
56,Finance,Accountant,56637,6,No,20,2,1,4,5,2
44,IT,IT Support,38913,8,No,17,2,2,4,2,2
34,HR,HR Manager,15000,4,No,24,2,4,3,3,4
43,HR,HR Executive,55322,2,No,26,1,4,4,0,3
58,HR,HR Manager,38973,7,No,9,4,2,3,0,4
51,Sales,Sales Manager,45495,5,No,6,3,3,1,3,3
27,Sales,Sales Manager,56528,5,No,20,4,1,1,2,3
24,Finance,Accountant,66381,3,Yes,13,1,4,3,3,2
46,Finance,Accountant,92613,4,No,11,2,3,3,1,3
34,IT,IT Support,26688,5,Yes,27,1,1,2,6,2
21,R&D,Lab Technician,54260,1,No,15,1,3,2,2,1
21,Finance,Accountant,66944,1,Yes,25,3,2,4,3,2
24,IT,Software Engineer,58626,4,No,21,3,1,1,1,1
35,IT,Software Engineer,39137,5,Yes,2,1,1,3,3,1
34,Finance,Accountant,68742,6,No,18,2,2,2,4,3
38,R&D,Research Scientist,23974,8,No,16,4,3,1,4,3
51,Sales,Sales Manager,77868,3,No,17,4,3,3,4,4
28,Sales,Sales Manager,33556,3,No,3,4,1,4,5,4
54,IT,IT Support,60299,6,No,10,1,2,3,4,2
39,Finance,Accountant,30039,5,No,15,1,4,2,5,1
26,Sales,Sales Executive,50933,5,No,2,3,4,3,4,4
33,Sales,Sales Manager,42102,5,Yes,1,4,1,2,3,2
24,R&D,Research Scientist,15000,4,No,14,3,2,1,1,2
51,Sales,Sales Manager,38431,1,No,8,3,3,1,2,1
42,HR,HR Executive,39535,6,No,8,3,2,4,3,3
47,IT,IT Support,75568,3,No,13,1,3,4,1,1
39,IT,IT Support,20553,2,No,1,2,2,2,4,3
40,Finance,Accountant,39987,3,Yes,12,3,4,4,3,4
53,HR,HR Executive,78010,9,No,25,1,4,2,3,3
22,Sales,Sales Executive,42414,2,Yes,22,1,3,4,4,3
38,IT,IT Support,57568,4,No,15,1,1,4,4,3
40,IT,IT Support,55464,1,No,9,3,1,3,2,1
37,IT,Software Engineer,49571,6,Yes,20,4,2,3,0,2
31,Sales,Sales Executive,47410,8,No,17,4,1,4,0,3
25,HR,HR Manager,50472,5,No,15,4,3,4,5,4
54,HR,HR Manager,59663,3,No,17,4,2,4,6,4
43,Sales,Sales Executive,60062,4,Yes,28,2,1,3,1,2
48,IT,IT Support,63662,2,No,8,3,4,2,6,4
30,Finance,Accountant,54718,7,No,4,1,3,4,4,3
48,Sales,Sales Executive,30585,5,No,6,2,2,3,1,2
29,R&D,Research Scientist,71811,6,No,1,4,4,2,5,4
53,IT,Software Engineer,36136,5,No,28,4,1,2,5,4
52,HR,HR Executive,48402,3,No,26,4,3,3,2,2
48,R&D,Research Scientist,47669,5,No,25,1,1,3,2,1
46,Sales,Sales Manager,24385,7,Yes,10,3,2,4,6,4
39,Sales,Sales Executive,30977,4,Yes,4,4,3,1,5,3
37,HR,HR Executive,47565,8,Yes,27,1,3,3,3,1
23,IT,IT Support,74239,3,No,15,1,2,2,5,2
24,Sales,Sales Manager,25643,4,No,22,2,4,1,5,2
47,Finance,Financial Analyst,65342,6,No,1,2,3,1,3,2
45,Sales,Sales Manager,50306,2,No,1,1,4,4,0,1
26,Finance,Accountant,15957,4,No,4,2,1,1,0,1
32,Sales,Sales Executive,33579,3,No,23,2,4,3,0,2
36,Finance,Accountant,41378,7,Yes,9,2,3,3,2,2
41,Finance,Financial Analyst,56859,2,No,23,4,3,4,3,4
31,Sales,Sales Executive,96474,6,No,17,2,1,1,3,1
48,R&D,Lab Technician,54382,7,No,13,4,1,4,2,4
44,Sales,Sales Executive,77513,4,No,11,3,1,3,0,2
34,Finance,Accountant,54704,2,No,12,1,3,1,1,1
56,Finance,Financial Analyst,47948,3,No,21,1,4,4,0,1
23,R&D,Research Scientist,36397,3,No,15,1,1,4,2,2
30,IT,Software Engineer,40142,5,No,26,1,4,4,4,3
47,Sales,Sales Manager,49523,8,No,1,1,4,3,6,4
39,Finance,Accountant,33831,8,No,25,1,4,2,6,4
30,Sales,Sales Executive,44111,2,No,1,1,4,4,4,4
23,Finance,Accountant,51314,3,No,20,1,4,4,4,4
53,R&D,Research Scientist,41617,6,No,18,1,2,3,6,2
32,IT,IT Support,38857,11,No,21,1,3,3,5,2
57,IT,IT Support,52048,2,No,25,2,2,1,5,2
40,IT,IT Support,98602,7,No,7,2,1,4,5,4
31,Finance,Accountant,60287,3,Yes,4,2,3,1,1,1
36,IT,Software Engineer,55848,8,No,27,4,4,2,0,4
38,R&D,Research Scientist,39893,6,No,16,3,3,2,4,4
34,Sales,Sales Executive,21385,4,No,8,1,4,1,2,1
23,Finance,Accountant,48338,3,No,10,1,1,1,6,1
54,Finance,Accountant,79701,4,Yes,22,4,3,4,1,3
21,Finance,Accountant,69437,1,No,19,1,4,2,0,1
30,Finance,Accountant,84815,10,No,18,4,3,3,4,4
58,HR,HR Executive,68030,6,Yes,1,4,1,4,0,3
47,Finance,Accountant,44694,4,No,28,1,2,1,4,1
51,R&D,Lab Technician,55976,7,No,23,4,3,2,6,4
28,HR,HR Manager,58513,6,Yes,26,4,3,4,3,4
22,HR,HR Manager,38571,2,No,14,4,2,2,0,2
38,Sales,Sales Executive,64253,4,No,25,1,1,2,5,2
21,Finance,Accountant,63554,1,No,19,3,2,4,6,3
41,Finance,Financial Analyst,38404,6,No,13,4,3,3,4,4
57,IT,Software Engineer,15000,6,Yes,1,3,3,1,2,1
52,Finance,Financial Analyst,35226,8,No,15,3,1,4,5,4
42,HR,HR Executive,69734,5,No,18,4,3,4,2,4
50,Finance,Accountant,75919,5,Yes,16,3,2,3,6,3
26,Finance,Accountant,60911,5,No,14,4,1,3,0,3
42,R&D,Lab Technician,82396,2,No,3,4,4,3,6,4
57,HR,HR Manager,57001,5,No,3,1,2,4,6,4
39,Sales,Sales Executive,43152,4,No,11,3,3,4,2,4
21,Sales,Sales Executive,32836,1,No,15,3,4,1,1,1
34,Sales,Sales Manager,45338,4,No,23,1,4,2,6,2
37,R&D,Lab Technician,40994,5,No,28,3,3,2,6,4
27,HR,HR Manager,63328,5,No,19,3,1,2,4,3
27,HR,HR Executive,34397,6,No,29,4,3,4,1,4
28,Finance,Accountant,36941,5,No,25,4,2,3,0,2
31,R&D,Lab Technician,48973,5,No,4,1,3,2,3,2
28,IT,IT Support,67939,8,No,12,1,2,1,6,2
49,HR,HR Manager,60266,6,No,5,2,3,3,2,3
28,HR,HR Executive,57435,7,No,20,2,4,4,6,4
57,HR,HR Executive,60106,1,No,2,4,1,2,6,3
43,R&D,Lab Technician,15000,10,Yes,13,2,4,2,3,3
49,IT,IT Support,68856,5,No,11,2,4,4,5,4
30,IT,Software Engineer,26147,7,No,22,3,1,1,3,1
41,R&D,Research Scientist,44514,3,No,5,1,4,4,1,3
24,Finance,Financial Analyst,76778,4,No,15,2,1,3,2,2
24,HR,HR Executive,70292,4,No,17,1,1,3,1,1
50,Sales,Sales Executive,57760,3,Yes,28,2,1,2,2,1
53,Sales,Sales Manager,38509,2,No,28,3,2,1,4,1
37,IT,IT Support,75882,4,Yes,1,4,2,3,5,4
30,Finance,Financial Analyst,37254,3,No,12,4,1,3,4,3
39,IT,IT Support,45735,5,No,15,3,2,1,1,2
35,HR,HR Manager,25900,3,No,18,2,3,1,5,2
44,Sales,Sales Manager,69372,5,Yes,20,4,4,4,5,4
46,Sales,Sales Manager,33815,2,No,16,2,3,3,2,2
30,IT,Software Engineer,52181,5,No,17,1,1,4,1,1
54,Finance,Financial Analyst,50293,7,No,24,2,1,4,1,1
32,Finance,Financial Analyst,78827,4,Yes,12,2,2,3,4,1
36,HR,HR Executive,26691,4,Yes,26,3,4,3,6,4
59,HR,HR Manager,68133,4,Yes,6,1,1,4,6,3
24,Finance,Financial Analyst,82145,4,No,10,2,4,4,2,3
26,Sales,Sales Manager,71868,6,No,14,4,3,2,0,3
49,HR,HR Executive,56021,5,No,24,4,3,3,1,2
50,IT,Software Engineer,51843,9,No,5,4,1,3,4,4
46,R&D,Research Scientist,18123,5,No,28,4,2,3,2,3
28,IT,Software Engineer,39408,5,Yes,22,1,3,1,0,1
45,Finance,Accountant,33514,4,Yes,28,2,1,3,4,2
53,R&D,Research Scientist,41823,5,No,3,1,4,4,6,4
28,Sales,Sales Manager,56298,7,Yes,12,3,4,1,3,3
49,Finance,Accountant,23728,6,Yes,5,3,1,4,4,3
56,R&D,Lab Technician,42261,7,No,16,4,2,3,6,4
26,Finance,Financial Analyst,61618,0,No,11,1,4,1,4,2
25,R&D,Research Scientist,49394,4,No,26,3,2,1,4,1
24,Sales,Sales Executive,32945,4,No,20,4,2,1,5,3
44,IT,Software Engineer,41442,8,No,15,3,2,2,1,2
43,IT,Software Engineer,26480,10,Yes,18,4,1,3,1,1
38,HR,HR Executive,40000,3,No,23,3,2,1,0,1
25,Sales,Sales Executive,31365,5,No,23,3,2,2,4,2
45,R&D,Lab Technician,68028,8,No,25,4,4,4,1,4
28,R&D,Research Scientist,25684,3,No,27,3,3,4,2,3
46,HR,HR Executive,37040,5,No,12,4,3,2,3,4
34,R&D,Lab Technician,57215,6,No,10,2,3,2,2,2
22,IT,Software Engineer,88790,1,Yes,20,1,1,4,2,1
31,Finance,Financial Analyst,33182,7,No,25,1,1,2,5,1
33,IT,Software Engineer,37612,5,No,29,2,4,3,6,4
45,Finance,Accountant,55509,10,No,7,4,2,4,3,4
28,IT,IT Support,61585,3,Yes,3,4,1,4,0,2
39,HR,HR Executive,39196,3,Yes,21,1,2,2,6,1
46,IT,Software Engineer,54020,2,Yes,22,3,2,1,6,1
26,IT,IT Support,43540,5,No,23,1,1,1,2,1
51,R&D,Research Scientist,56485,3,No,18,4,1,4,1,2
49,R&D,Research Scientist,46246,8,Yes,12,4,1,3,2,2
40,Sales,Sales Manager,65149,4,No,21,1,4,1,5,1
47,HR,HR Manager,31367,1,No,9,1,4,1,5,3
56,Finance,Accountant,53450,2,No,10,2,1,2,0,1
33,Sales,Sales Manager,78680,3,No,14,3,2,3,1,3
31,IT,IT Support,45846,6,No,13,3,2,3,4,3
53,Sales,Sales Executive,61535,6,Yes,9,3,3,4,3,3
34,Sales,Sales Manager,57610,5,No,9,2,2,2,4,1
22,R&D,Lab Technician,46271,1,No,19,1,4,4,3,3
57,Sales,Sales Executive,66651,3,No,4,2,3,4,2,3
58,R&D,Lab Technician,15713,5,No,13,3,3,2,5,3
25,HR,HR Manager,21364,5,No,18,4,2,2,1,3
51,IT,Software Engineer,64503,8,No,9,2,4,2,4,4
42,IT,IT Support,62696,7,No,1,4,1,2,4,4
24,HR,HR Manager,76540,4,No,16,1,1,3,1,1
29,Sales,Sales Manager,31129,4,No,19,3,2,4,6,4
54,HR,HR Executive,47432,6,No,13,1,4,2,5,4
52,R&D,Research Scientist,15000,5,No,11,2,2,2,1,2
38,Sales,Sales Executive,47114,10,No,5,3,3,2,0,3
44,HR,HR Manager,38337,7,No,28,1,4,1,4,3
44,HR,HR Executive,44154,4,No,2,3,4,4,6,4
55,IT,Software Engineer,45650,4,No,7,4,3,3,1,2
21,HR,HR Manager,64921,1,No,10,4,4,1,5,4
40,HR,HR Manager,41513,7,Yes,5,4,2,4,1,4
44,R&D,Research Scientist,57255,5,Yes,11,4,1,1,3,1
25,R&D,Research Scientist,47066,3,No,17,1,3,4,2,3
21,HR,HR Manager,58892,1,Yes,19,4,4,3,4,4
23,Finance,Accountant,56550,3,No,16,3,3,4,3,4
51,Sales,Sales Manager,56553,5,No,9,3,1,4,5,4
55,Finance,Accountant,15000,6,No,19,1,3,4,3,3
26,IT,Software Engineer,38377,3,Yes,20,3,3,2,2,2
41,IT,Software Engineer,50733,1,No,28,4,1,1,5,3
34,Finance,Financial Analyst,65429,3,No,27,3,1,2,3,1
49,IT,Software Engineer,39121,5,No,7,2,3,2,1,2
24,Finance,Accountant,47735,2,Yes,10,2,1,1,5,1
34,IT,Software Engineer,36995,10,No,27,1,3,4,0,2
52,Finance,Accountant,53134,7,No,27,3,1,4,6,4
38,HR,HR Manager,45892,7,No,29,3,4,4,0,4
25,Sales,Sales Executive,29012,5,No,22,3,4,4,0,3
31,HR,HR Manager,57974,3,No,27,4,3,2,1,3
58,HR,HR Executive,58157,2,No,16,1,3,4,1,2
33,R&D,Research Scientist,61962,6,No,3,3,1,4,6,4
27,R&D,Lab Technician,28956,3,No,24,2,3,3,5,4
23,HR,HR Manager,53035,3,Yes,22,1,1,3,5,1
27,IT,Software Engineer,76473,3,No,17,1,1,4,6,4
41,Sales,Sales Executive,65712,7,Yes,16,4,2,4,5,4
34,R&D,Research Scientist,68893,2,No,4,2,4,1,5,4
30,HR,HR Manager,48569,5,No,13,4,4,1,0,4
43,Finance,Financial Analyst,62800,3,No,9,1,2,4,6,2
23,Finance,Accountant,50337,3,Yes,28,4,3,3,4,2
59,Finance,Financial Analyst,50532,3,Yes,18,2,1,2,6,2
51,HR,HR Executive,29844,5,No,12,2,3,2,3,3
46,HR,HR Manager,47209,5,No,9,3,2,3,0,3
23,Sales,Sales Executive,42171,2,Yes,22,4,2,3,4,3
39,R&D,Lab Technician,78932,6,No,17,1,3,2,6,3
50,IT,Software Engineer,27009,7,Yes,3,2,2,3,0,1
26,Finance,Accountant,46111,1,No,22,4,4,4,2,3
22,Finance,Accountant,17706,2,No,4,4,3,3,4,4
54,Finance,Accountant,40742,3,Yes,28,4,3,1,4,2
21,HR,HR Executive,62593,1,No,16,1,2,3,2,1
24,Sales,Sales Executive,31346,3,No,10,3,3,1,2,3
44,R&D,Research Scientist,45657,3,No,21,3,1,1,4,1
32,Sales,Sales Manager,66526,5,No,3,1,1,1,1,1
47,Sales,Sales Manager,50634,7,No,23,3,1,3,3,2
34,Sales,Sales Manager,19206,5,Yes,19,2,4,2,4,2
21,IT,IT Support,49938,1,Yes,22,2,1,4,4,2
33,Sales,Sales Manager,52952,2,No,18,4,4,2,4,4
25,Finance,Accountant,56145,4,No,19,4,2,4,5,4
29,HR,HR Executive,33028,2,No,13,2,1,4,5,4
24,IT,Software Engineer,52939,4,Yes,12,1,3,1,2,1
22,Sales,Sales Executive,69747,2,No,19,2,3,1,4,2
34,R&D,Lab Technician,50163,9,No,2,1,4,1,0,1
50,Finance,Financial Analyst,21510,5,No,10,1,1,2,2,1
56,IT,IT Support,60174,2,No,4,3,2,4,0,2
52,IT,Software Engineer,62580,9,Yes,14,1,1,2,5,1
42,Sales,Sales Manager,75708,8,No,14,2,2,3,6,4
26,Finance,Financial Analyst,64513,6,Yes,22,2,2,2,0,1
43,IT,Software Engineer,20404,4,No,26,1,3,4,2,3
43,IT,Software Engineer,56179,8,Yes,21,1,2,3,5,2
58,Sales,Sales Manager,55439,5,No,22,2,4,1,1,1
35,Sales,Sales Manager,40240,6,Yes,16,2,1,1,4,1
49,Sales,Sales Manager,47735,2,No,2,4,1,2,1,2
46,R&D,Research Scientist,57177,5,No,24,1,2,3,5,1
59,IT,IT Support,48407,6,No,23,2,3,1,5,3
40,IT,IT Support,52293,7,No,28,1,1,2,6,1
44,Sales,Sales Manager,56156,6,No,11,3,2,4,3,4
28,IT,Software Engineer,20367,3,Yes,8,2,3,2,1,2
54,IT,IT Support,29831,2,No,2,4,1,1,4,3
48,Sales,Sales Manager,63639,6,Yes,3,3,3,3,5,3
24,IT,Software Engineer,57129,4,Yes,28,3,3,1,4,1
28,Finance,Accountant,37408,8,No,3,3,3,4,1,4
36,Sales,Sales Manager,72574,3,Yes,16,2,4,4,2,3
29,IT,IT Support,46115,6,No,22,3,3,1,5,4
55,IT,Software Engineer,48907,3,No,6,2,3,2,6,4
48,Finance,Accountant,54871,1,Yes,2,3,2,3,4,3
27,Sales,Sales Manager,85021,3,No,24,4,3,4,5,4
28,R&D,Research Scientist,48296,8,Yes,22,4,4,4,4,4
29,HR,HR Executive,22820,6,No,19,4,1,4,5,4
26,Sales,Sales Executive,25495,6,No,19,2,3,4,6,4
51,IT,IT Support,80048,2,No,21,4,1,4,4,4
39,Finance,Financial Analyst,69881,7,No,6,1,3,1,3,2
33,R&D,Lab Technician,57342,6,No,9,4,1,2,4,3
21,HR,HR Manager,64611,1,Yes,12,3,3,3,3,2
26,IT,Software Engineer,57822,3,No,2,4,3,2,1,3
37,HR,HR Executive,25760,6,No,19,2,1,2,3,1
47,R&D,Research Scientist,69088,2,No,17,4,2,2,1,3
33,IT,Software Engineer,62033,5,No,3,3,3,4,5,4
48,IT,Software Engineer,39993,4,No,12,1,3,2,0,1
32,Finance,Accountant,70069,6,No,28,2,3,2,0,1
21,R&D,Lab Technician,36800,1,No,12,3,4,1,1,2
50,R&D,Lab Technician,98131,5,Yes,8,1,1,3,3,1
23,IT,Software Engineer,41702,3,No,14,2,4,2,1,3
48,IT,Software Engineer,56124,5,No,3,2,4,1,2,3
41,Finance,Financial Analyst,50549,6,No,25,4,4,4,0,4
54,HR,HR Executive,52790,4,Yes,24,1,4,1,0,1
22,IT,Software Engineer,75139,2,No,20,1,3,1,5,1
24,HR,HR Executive,46301,4,No,4,4,3,3,6,4
58,Finance,Accountant,58471,4,No,23,3,3,1,5,3
45,Finance,Financial Analyst,32022,3,No,9,3,4,1,4,3
53,HR,HR Executive,80142,1,Yes,19,2,2,4,0,1
37,HR,HR Manager,37120,7,No,26,4,2,2,3,3
40,R&D,Research Scientist,50816,8,No,9,3,2,4,0,3
45,Finance,Accountant,54591,7,Yes,21,2,4,3,5,4
23,R&D,Research Scientist,25992,3,No,19,2,2,4,4,3
57,Sales,Sales Executive,67063,4,Yes,13,1,3,3,0,1
43,IT,Software Engineer,61818,5,No,2,3,2,1,5,3
54,HR,HR Manager,71016,9,No,3,2,4,4,0,4
57,IT,Software Engineer,29152,6,No,18,2,3,1,5,2
51,R&D,Research Scientist,61716,7,Yes,4,4,2,4,1,3
44,R&D,Lab Technician,28761,9,No,9,4,4,1,0,2
49,HR,HR Executive,55146,5,No,15,3,1,2,6,3
35,IT,Software Engineer,47802,4,No,10,1,4,3,0,2
43,Sales,Sales Manager,60872,3,No,7,4,4,3,6,4
33,Sales,Sales Executive,40447,5,Yes,27,2,2,4,1,2
32,Finance,Financial Analyst,47320,2,No,17,3,4,3,5,4
59,R&D,Research Scientist,61679,5,No,10,1,3,2,4,1
48,R&D,Research Scientist,34172,4,Yes,24,2,3,1,0,1
37,IT,Software Engineer,15000,3,No,16,3,1,2,3,3
42,Finance,Financial Analyst,49827,5,Yes,21,1,1,1,5,1
39,Finance,Financial Analyst,49993,4,Yes,16,1,2,1,6,1
40,Finance,Accountant,36089,7,No,8,3,3,1,4,4
21,Sales,Sales Executive,64843,1,No,7,1,3,2,2,2
32,R&D,Research Scientist,30498,4,No,3,1,3,2,6,3
28,Finance,Financial Analyst,57802,4,No,9,1,2,4,0,2
34,Finance,Financial Analyst,20216,3,No,26,3,1,4,1,3
50,HR,HR Executive,67380,3,Yes,11,3,1,4,4,3
52,Sales,Sales Manager,39134,4,Yes,13,3,4,1,1,3
38,R&D,Lab Technician,47285,7,No,20,1,4,3,3,3
39,HR,HR Manager,62916,4,Yes,17,4,2,4,3,4
27,R&D,Research Scientist,67195,7,No,28,3,4,3,2,3
38,Sales,Sales Executive,42140,3,No,12,2,4,2,5,4
55,Finance,Accountant,60440,4,Yes,21,4,2,4,4,3
56,IT,IT Support,32950,3,No,26,3,3,3,1,2
51,HR,HR Executive,74255,3,No,13,2,3,2,3,2
22,Finance,Accountant,33669,2,No,17,3,4,1,5,4
56,IT,IT Support,55774,7,No,15,1,4,3,2,3
27,Sales,Sales Executive,24690,6,Yes,23,3,3,3,6,4
45,HR,HR Manager,51032,4,Yes,23,1,2,4,1,1
23,IT,IT Support,73880,3,Yes,12,2,4,1,3,1
58,IT,Software Engineer,28894,6,No,1,4,1,1,1,1
30,R&D,Lab Technician,37266,4,Yes,18,1,2,2,6,1
41,Sales,Sales Executive,74652,6,No,13,1,3,3,6,4
43,Sales,Sales Executive,46767,6,No,20,3,2,3,6,4
24,Finance,Accountant,52450,4,No,27,2,2,2,0,1
23,Sales,Sales Manager,71507,3,No,9,1,1,3,5,1
34,IT,IT Support,59440,6,No,6,4,3,4,1,4
50,IT,Software Engineer,63525,3,Yes,11,3,4,1,4,2
52,R&D,Research Scientist,64064,5,No,17,4,1,2,5,3
35,HR,HR Manager,76454,9,No,26,4,2,3,6,4
24,Sales,Sales Manager,60597,4,No,1,4,2,4,4,4
25,R&D,Lab Technician,34823,3,Yes,23,4,1,2,1,1
37,HR,HR Executive,36427,3,No,26,3,1,2,3,2
49,HR,HR Manager,18877,6,Yes,5,2,1,2,2,1
39,IT,IT Support,55849,5,No,7,1,3,1,0,1
45,Finance,Financial Analyst,75155,5,No,5,3,2,4,2,3
36,Finance,Accountant,61011,3,Yes,18,3,3,3,5,2
58,IT,IT Support,51911,3,No,8,3,1,2,4,2
43,HR,HR Manager,62884,5,No,8,2,4,4,0,4
52,Finance,Financial Analyst,57552,3,No,17,4,4,3,6,4
51,R&D,Research Scientist,35179,3,No,1,2,2,2,5,3
53,Finance,Accountant,45766,3,No,12,2,3,2,3,3
21,IT,Software Engineer,48601,1,Yes,15,3,3,4,3,3
38,R&D,Research Scientist,51781,1,No,18,1,4,1,0,1
57,R&D,Lab Technician,72867,6,No,1,2,4,2,2,3
45,Finance,Accountant,57096,3,No,23,1,3,2,5,1
43,R&D,Research Scientist,54577,5,No,9,1,4,3,5,4
46,R&D,Lab Technician,24490,2,No,12,3,1,1,2,1
41,HR,HR Executive,29198,5,Yes,17,4,1,1,6,3
35,Sales,Sales Manager,62635,4,No,3,3,3,1,6,4
49,Finance,Accountant,47386,5,Yes,28,1,4,3,0,1
29,Sales,Sales Manager,52436,8,No,28,2,2,4,4,4
37,Finance,Accountant,34014,5,No,29,1,3,4,4,2
41,Sales,Sales Manager,60458,4,No,22,4,4,3,3,4
53,R&D,Lab Technician,47111,3,No,7,1,3,4,5,4
57,IT,Software Engineer,51787,3,No,15,2,4,2,2,2
30,Sales,Sales Executive,88655,3,No,7,4,2,3,1,3
32,R&D,Research Scientist,58557,7,Yes,21,3,4,1,6,4
39,Finance,Financial Analyst,45306,2,Yes,21,1,2,4,6,2
27,R&D,Research Scientist,51482,4,Yes,26,2,3,2,2,1
34,Finance,Financial Analyst,60530,5,Yes,15,4,2,3,1,2
29,Finance,Accountant,62099,6,No,3,4,2,2,4,4
51,R&D,Lab Technician,23779,5,No,18,1,4,4,3,3
31,R&D,Lab Technician,51677,5,No,24,4,2,4,6,4
45,R&D,Lab Technician,38868,2,No,29,2,3,1,3,1
47,Sales,Sales Manager,36497,9,No,2,1,2,1,0,1
23,HR,HR Executive,23479,3,Yes,12,1,1,3,0,1
46,Sales,Sales Executive,35311,6,No,13,3,4,3,6,4
43,IT,IT Support,85826,2,No,23,3,2,1,4,3
49,R&D,Research Scientist,57437,4,Yes,2,3,3,2,0,1
41,IT,Software Engineer,22834,7,Yes,21,3,2,4,0,2
59,R&D,Research Scientist,70713,5,No,4,3,1,3,5,4
28,HR,HR Executive,38602,3,Yes,20,4,4,3,1,3
42,Finance,Accountant,66171,10,No,29,3,4,3,1,3
48,Sales,Sales Executive,43266,6,Yes,25,4,1,3,1,2
56,IT,IT Support,45288,4,Yes,7,4,3,3,5,4
38,R&D,Lab Technician,33058,8,No,8,3,3,3,0,4
55,IT,Software Engineer,66618,11,No,24,2,4,2,4,4
44,HR,HR Manager,66663,4,Yes,1,1,3,3,3,1
37,Sales,Sales Manager,34494,2,Yes,4,1,1,3,0,1
47,R&D,Lab Technician,18242,2,No,11,4,4,1,2,3
44,R&D,Research Scientist,47153,7,Yes,16,1,2,1,2,1
47,R&D,Lab Technician,63366,2,No,13,1,2,1,5,2
28,Sales,Sales Manager,37394,8,No,7,1,1,1,5,1
34,HR,HR Executive,63244,4,Yes,29,4,4,2,4,4
47,R&D,Lab Technician,78149,5,Yes,2,1,3,2,0,1
31,Sales,Sales Manager,64252,2,Yes,20,4,3,1,6,3
48,Finance,Financial Analyst,57568,3,Yes,24,2,4,4,6,4
42,R&D,Lab Technician,52416,3,No,20,1,1,1,6,2
21,HR,HR Executive,44663,1,No,21,2,1,2,6,2
26,IT,Software Engineer,18097,4,Yes,6,1,4,4,6,4
32,HR,HR Manager,46830,7,Yes,15,4,4,3,0,3
59,R&D,Research Scientist,29059,6,No,19,3,1,2,2,2
32,R&D,Research Scientist,47754,5,Yes,18,3,4,4,3,3
37,Sales,Sales Executive,63036,3,Yes,13,1,1,1,1,1
55,HR,HR Executive,40350,6,No,19,4,1,2,3,3
52,R&D,Research Scientist,71129,5,No,11,2,2,2,2,2
53,Finance,Accountant,41380,8,Yes,28,3,2,2,2,1
54,Finance,Financial Analyst,43342,7,Yes,22,1,3,3,6,2
35,Sales,Sales Manager,41911,9,Yes,16,3,1,4,6,4
33,R&D,Research Scientist,66459,8,No,26,1,2,3,4,2
33,Sales,Sales Manager,32479,4,No,21,1,4,1,4,2
43,Sales,Sales Executive,80066,9,No,15,1,1,2,0,1
23,R&D,Research Scientist,40523,3,No,28,1,4,2,0,1
22,Finance,Financial Analyst,66851,2,Yes,1,3,4,1,4,3
45,IT,Software Engineer,69286,6,Yes,9,4,1,2,5,2
26,IT,Software Engineer,24979,6,No,22,4,2,4,1,3
30,HR,HR Executive,58442,7,Yes,6,4,3,2,6,4
47,IT,IT Support,34296,7,No,23,3,3,3,4,4
28,R&D,Research Scientist,51546,6,Yes,19,2,4,2,3,2
59,Sales,Sales Executive,37463,7,Yes,23,1,3,1,3,1
54,Sales,Sales Executive,39768,5,Yes,28,4,3,4,6,4
53,R&D,Lab Technician,25351,3,No,20,1,3,4,0,1
36,Sales,Sales Executive,55299,2,No,28,4,4,1,3,2
28,IT,IT Support,69519,4,No,2,4,4,1,4,3
55,Finance,Financial Analyst,76496,4,No,15,3,4,1,3,3
32,IT,IT Support,71405,2,No,5,1,1,1,0,1
58,Finance,Accountant,52360,6,No,8,3,4,4,6,4
26,R&D,Lab Technician,33977,3,No,23,4,4,1,6,4
22,R&D,Lab Technician,59392,2,No,24,1,3,3,2,2
27,HR,HR Manager,73459,3,No,9,3,3,1,4,3
35,IT,Software Engineer,49563,4,No,3,3,2,4,5,4
25,Sales,Sales Executive,63805,5,No,11,2,2,4,6,3
25,IT,IT Support,71876,5,Yes,21,2,3,3,4,2
34,IT,Software Engineer,47320,2,Yes,9,2,4,1,6,3
30,Finance,Financial Analyst,54801,6,Yes,26,2,1,2,3,1
25,Finance,Financial Analyst,59548,5,No,27,3,2,1,0,2
58,HR,HR Manager,34555,6,No,8,1,3,3,0,2
31,Finance,Financial Analyst,60323,3,Yes,24,3,3,3,4,3
49,Finance,Financial Analyst,41488,5,No,19,3,4,4,3,4
24,HR,HR Manager,36652,4,No,1,2,4,1,4,2
44,Finance,Financial Analyst,60327,6,Yes,10,1,3,1,5,1
56,Finance,Accountant,42661,2,No,2,1,4,1,0,1
33,Finance,Accountant,41477,5,No,12,1,3,4,6,3
51,Sales,Sales Executive,57436,7,Yes,2,2,4,4,0,3
24,Sales,Sales Executive,30263,4,No,27,3,2,1,3,1
35,HR,HR Manager,49450,7,No,18,3,3,2,0,1
23,HR,HR Manager,59278,3,No,29,2,1,2,0,1
46,IT,Software Engineer,50120,3,No,28,1,2,3,1,1
31,R&D,Lab Technician,72868,8,Yes,8,1,4,1,5,2
35,IT,Software Engineer,64817,1,No,2,4,4,2,1,4
56,Sales,Sales Executive,61550,8,No,29,1,2,2,5,3
25,R&D,Lab Technician,49274,3,No,19,1,2,3,6,2
26,IT,IT Support,27489,6,Yes,13,2,2,1,0,1
43,Finance,Accountant,52628,6,No,15,3,4,4,6,4
30,Sales,Sales Manager,59129,4,No,26,2,3,4,5,3
39,IT,Software Engineer,60386,6,No,19,3,4,3,0,3
21,Sales,Sales Executive,30465,1,No,27,2,1,3,6,2
46,R&D,Lab Technician,68636,5,Yes,28,1,4,1,0,1
21,HR,HR Executive,44622,1,No,11,2,1,4,5,3
48,R&D,Lab Technician,44980,6,No,5,3,1,2,0,2
46,R&D,Research Scientist,50150,9,No,21,3,2,1,5,2
39,IT,IT Support,60367,1,No,18,2,3,4,6,3
25,IT,IT Support,64330,2,Yes,12,1,1,1,5,1
54,HR,HR Executive,27413,4,Yes,17,3,2,3,1,2
35,IT,IT Support,43684,0,No,17,3,1,2,4,1
49,Sales,Sales Manager,57920,5,Yes,27,2,4,3,3,2
58,Sales,Sales Executive,49846,5,No,20,1,2,3,1,1
42,R&D,Lab Technician,51775,7,No,5,3,2,3,5,4
59,R&D,Lab Technician,41199,2,No,7,2,1,1,0,1
27,Sales,Sales Executive,53581,7,Yes,29,2,3,4,5,2
42,HR,HR Executive,41497,3,Yes,24,4,4,2,6,4
41,Sales,Sales Manager,52079,8,No,8,2,4,2,1,3
39,IT,IT Support,58107,5,No,13,3,3,4,5,4
22,IT,Software Engineer,28574,2,No,17,2,4,4,5,4
21,Finance,Accountant,79723,1,Yes,10,1,4,4,0,1
27,HR,HR Executive,35826,1,No,24,3,3,4,1,3
41,IT,Software Engineer,38385,7,No,26,3,1,4,5,4
35,Sales,Sales Manager,83567,4,Yes,16,2,2,4,6,2
46,HR,HR Manager,37891,7,Yes,12,3,2,3,6,3
46,Sales,Sales Executive,49443,4,Yes,12,3,1,1,5,2
36,Sales,Sales Executive,93755,4,Yes,19,1,4,3,1,1
34,HR,HR Executive,21087,5,No,16,3,4,2,1,2
30,Finance,Accountant,68636,6,No,24,1,1,3,1,1
56,Sales,Sales Executive,65823,4,No,16,3,1,3,5,4
28,HR,HR Executive,45981,4,Yes,14,4,3,3,3,3
54,HR,HR Manager,42544,4,No,23,1,3,3,6,2
56,R&D,Lab Technician,71446,4,No,19,1,1,2,4,1
23,R&D,Lab Technician,33681,1,No,10,1,1,3,6,2
45,R&D,Research Scientist,29847,9,Yes,19,4,2,1,5,3
38,Sales,Sales Executive,21619,6,No,13,2,3,4,5,4
37,HR,HR Manager,23159,7,No,2,1,1,4,3,3
37,HR,HR Executive,34409,2,No,20,1,4,1,3,1
58,Finance,Accountant,68397,0,Yes,18,2,1,4,1,2
37,R&D,Research Scientist,16139,6,Yes,27,1,4,4,3,2
54,Finance,Accountant,26029,8,No,26,4,4,4,3,4
37,Sales,Sales Manager,48782,4,No,9,1,3,3,2,3
33,Finance,Financial Analyst,39154,7,Yes,21,1,2,3,4,1
47,Sales,Sales Executive,59762,5,No,21,2,4,2,6,4
59,IT,IT Support,61012,5,No,14,3,1,1,5,1
54,Sales,Sales Manager,27088,3,Yes,4,1,2,1,4,1
28,R&D,Research Scientist,39477,4,No,14,3,1,2,2,1
27,R&D,Research Scientist,60091,5,No,14,4,1,3,3,3
47,R&D,Lab Technician,50659,5,No,28,3,4,2,2,2
36,IT,Software Engineer,37512,6,Yes,10,1,1,1,3,1
38,Finance,Financial Analyst,53313,3,No,23,2,1,3,3,2
23,HR,HR Manager,54323,3,No,20,3,1,4,3,2
42,Finance,Accountant,73076,6,No,23,3,4,3,2,3
23,HR,HR Manager,54709,3,Yes,19,3,1,4,4,2
28,Sales,Sales Manager,44677,2,No,27,3,4,2,1,2
41,Finance,Financial Analyst,64989,6,No,24,3,4,4,5,4
28,IT,Software Engineer,68821,2,No,11,4,2,1,6,4
31,Finance,Financial Analyst,26416,9,No,24,2,4,1,4,3
49,Finance,Accountant,92395,4,No,8,2,1,3,0,2
34,Sales,Sales Executive,50655,8,No,24,1,1,2,6,3
21,R&D,Research Scientist,39302,1,No,5,2,3,2,0,1
25,IT,Software Engineer,45248,5,Yes,8,1,3,1,2,1
38,HR,HR Manager,50621,4,No,14,4,2,3,4,3
45,Sales,Sales Manager,44167,7,No,7,1,4,3,4,4
33,R&D,Lab Technician,37795,3,No,28,2,1,2,6,2
59,HR,HR Manager,59784,7,No,27,2,3,2,2,1
37,R&D,Research Scientist,37089,4,Yes,23,2,1,4,6,2
21,Finance,Financial Analyst,31323,1,No,2,4,2,4,5,4
45,HR,HR Executive,24990,1,Yes,11,3,2,2,4,3
28,R&D,Lab Technician,44658,6,Yes,15,4,4,1,3,4
55,R&D,Lab Technician,56182,2,No,23,1,4,2,0,1
52,HR,HR Executive,46141,4,Yes,16,4,4,1,1,1
27,HR,HR Executive,39759,4,No,11,2,1,2,3,1
30,Finance,Accountant,62656,8,Yes,11,3,2,1,4,2
42,HR,HR Manager,41777,6,No,17,4,2,2,5,4
36,HR,HR Executive,33591,4,No,29,1,1,3,1,1
23,IT,IT Support,64163,3,No,17,3,2,1,4,2
51,Finance,Financial Analyst,52739,2,Yes,28,4,3,1,6,2
36,R&D,Research Scientist,70437,6,Yes,8,2,2,2,4,1
36,IT,Software Engineer,58319,9,No,1,1,2,2,3,1
26,IT,Software Engineer,24985,6,Yes,19,3,4,2,6,4
28,Finance,Accountant,40490,3,Yes,6,1,3,1,2,1
23,IT,Software Engineer,53797,3,Yes,22,3,3,4,1,2
32,Finance,Financial Analyst,41421,8,No,26,1,1,3,2,2
50,R&D,Research Scientist,69065,1,No,1,2,2,2,1,1
25,Sales,Sales Manager,55658,3,Yes,4,3,1,1,5,1
43,IT,Software Engineer,50701,5,No,18,1,3,2,0,1
39,R&D,Lab Technician,58423,8,No,9,2,3,1,6,3
38,IT,Software Engineer,74443,5,Yes,5,4,4,1,0,2
59,Sales,Sales Manager,58181,11,Yes,21,3,4,2,2,2
41,HR,HR Manager,50897,4,No,4,4,3,3,4,4
59,IT,IT Support,27155,4,Yes,22,4,4,2,1,1
26,IT,Software Engineer,49496,6,No,24,4,2,3,2,3
24,Sales,Sales Executive,36717,4,Yes,23,4,2,3,3,3
46,HR,HR Executive,45791,4,No,7,2,3,1,5,2
44,IT,Software Engineer,70483,4,No,4,3,2,3,2,3
44,Sales,Sales Manager,59628,9,Yes,3,2,3,3,2,2
31,IT,Software Engineer,54544,8,No,9,3,3,1,1,2
56,R&D,Lab Technician,44695,6,Yes,10,2,1,1,2,1
